category,mean,median,min,max
headphones,87.16657894736842,46.5,7.49,349.0
laptops,457.81157894736845,349.99,119.99,1099.99
