website,headphones,laptops
Amazon,63.8,346.45
BestBuy,113.12944444444445,581.5466666666666
